case_id;amount;vendor;channel
I00001;6900.98;Vendor_9;EDI
I00002;22964.42;Vendor_3;EDI
I00003;9804.02;Vendor_35;Email
I00004;24580.07;Vendor_12;Portal
I00005;11048.18;Vendor_37;Email
I00006;2538.41;Vendor_43;Portal
I00007;21169.57;Vendor_24;Portal
I00008;784.16;Vendor_50;Portal
I00009;14925.59;Vendor_13;Portal
I00010;15780.13;Vendor_32;Email
I00011;4605.5;Vendor_18;Portal
I00012;24177.99;Vendor_9;Portal
I00013;5705.04;Vendor_5;Portal
I00014;14293.27;Vendor_46;Portal
I00015;15594.51;Vendor_32;Portal
I00016;21828.33;Vendor_1;Portal
I00017;3662.42;Vendor_4;Portal
I00018;1793.16;Vendor_37;Email
I00019;13829.77;Vendor_18;Email
I00020;2963.17;Vendor_28;EDI
I00021;18889.73;Vendor_26;EDI
I00022;22168.78;Vendor_22;Portal
I00023;17203.93;Vendor_10;Email
I00024;6499.21;Vendor_24;EDI
I00025;14207.42;Vendor_46;Portal
I00026;19877.67;Vendor_10;Email
I00027;14370.05;Vendor_13;Portal
I00028;19072.53;Vendor_34;Portal
I00029;5800.01;Vendor_8;Portal
I00030;16041.3;Vendor_37;Portal
I00031;16799.9;Vendor_25;Portal
I00032;14024.63;Vendor_49;Portal
I00033;2615.23;Vendor_42;EDI
I00034;7439.05;Vendor_21;EDI
I00035;14973.38;Vendor_24;Email
I00036;9267.55;Vendor_15;Email
I00037;20734.88;Vendor_22;EDI
I00038;567.34;Vendor_33;Portal
I00039;17983.14;Vendor_26;EDI
I00040;23422.84;Vendor_20;Email
I00041;20328.73;Vendor_13;EDI
I00042;5487.95;Vendor_48;Email
I00043;483.0;Vendor_10;Email
I00044;18926.13;Vendor_45;EDI
I00045;12275.56;Vendor_19;Email
I00046;7407.7;Vendor_48;Portal
I00047;23643.42;Vendor_19;EDI
I00048;23986.88;Vendor_27;Portal
I00049;6241.41;Vendor_19;Portal
I00050;11671.19;Vendor_16;EDI
I00051;2753.96;Vendor_2;Email
I00052;14938.95;Vendor_46;Email
I00053;10246.0;Vendor_15;EDI
I00054;3736.01;Vendor_46;Email
I00055;24780.8;Vendor_4;Portal
I00056;24960.42;Vendor_5;Email
I00057;15508.59;Vendor_41;Portal
I00058;23438.68;Vendor_50;Portal
I00059;22521.47;Vendor_22;Email
I00060;11349.97;Vendor_42;EDI
I00061;15861.37;Vendor_32;Portal
I00062;13968.82;Vendor_40;EDI
I00063;15516.95;Vendor_49;Email
I00064;22740.56;Vendor_5;Email
I00065;16619.02;Vendor_16;Portal
I00066;19635.68;Vendor_37;Portal
I00067;7233.47;Vendor_22;Email
I00068;11144.1;Vendor_19;EDI
I00069;17820.43;Vendor_5;Portal
I00070;19996.53;Vendor_34;Email
I00071;3116.61;Vendor_45;Portal
I00072;12207.56;Vendor_40;Portal
I00073;793.24;Vendor_13;EDI
I00074;22524.9;Vendor_31;Email
I00075;9126.92;Vendor_28;EDI
I00076;10100.14;Vendor_33;Portal
I00077;10533.49;Vendor_50;EDI
I00078;20092.46;Vendor_23;Portal
I00079;15729.42;Vendor_50;EDI
I00080;8372.78;Vendor_13;Email
I00081;15655.95;Vendor_6;EDI
I00082;326.17;Vendor_50;Portal
I00083;17558.0;Vendor_2;EDI
I00084;7415.63;Vendor_34;Portal
I00085;3568.83;Vendor_29;Portal
I00086;2390.26;Vendor_44;Portal
I00087;19585.14;Vendor_15;Portal
I00088;18504.56;Vendor_28;EDI
I00089;11778.15;Vendor_46;EDI
I00090;55.35;Vendor_45;Portal
I00091;5288.46;Vendor_7;Email
I00092;23675.88;Vendor_8;Email
I00093;15065.02;Vendor_40;EDI
I00094;12756.05;Vendor_38;Email
I00095;5530.24;Vendor_43;Email
I00096;13890.38;Vendor_6;Email
I00097;19206.3;Vendor_7;Email
I00098;17123.78;Vendor_31;Email
I00099;20830.5;Vendor_49;EDI
I00100;17760.99;Vendor_9;Portal
I00101;2825.32;Vendor_13;Portal
I00102;14473.59;Vendor_26;EDI
I00103;11417.77;Vendor_30;EDI
I00104;2037.84;Vendor_8;EDI
I00105;8818.68;Vendor_24;EDI
I00106;19810.18;Vendor_36;Portal
I00107;24879.12;Vendor_37;EDI
I00108;9469.6;Vendor_26;Email
I00109;12064.3;Vendor_25;Email
I00110;11204.61;Vendor_37;Portal
I00111;6086.88;Vendor_1;Portal
I00112;18622.21;Vendor_25;Email
I00113;21997.78;Vendor_16;Portal
I00114;23327.42;Vendor_21;Portal
I00115;10527.15;Vendor_9;EDI
I00116;16026.37;Vendor_39;Portal
I00117;5772.59;Vendor_22;EDI
I00118;2624.04;Vendor_10;Email
I00119;5933.44;Vendor_42;Email
I00120;12026.64;Vendor_4;Email
I00121;14149.23;Vendor_5;Portal
I00122;6323.53;Vendor_13;Portal
I00123;24922.44;Vendor_44;EDI
I00124;15125.0;Vendor_47;Portal
I00125;14181.21;Vendor_13;Portal
I00126;18024.01;Vendor_1;Email
I00127;8689.16;Vendor_50;Portal
I00128;14747.88;Vendor_7;EDI
I00129;3937.88;Vendor_30;Portal
I00130;1656.35;Vendor_10;Portal
I00131;21122.17;Vendor_35;Portal
I00132;22521.52;Vendor_3;Email
I00133;24457.29;Vendor_20;Portal
I00134;13858.23;Vendor_27;EDI
I00135;1997.12;Vendor_34;Portal
I00136;21837.77;Vendor_45;EDI
I00137;1990.9;Vendor_25;EDI
I00138;8989.56;Vendor_32;Portal
I00139;11493.88;Vendor_46;EDI
I00140;23073.74;Vendor_32;EDI
I00141;18500.51;Vendor_23;Portal
I00142;1151.38;Vendor_26;EDI
I00143;23645.78;Vendor_19;Email
I00144;16640.16;Vendor_30;Portal
I00145;6105.95;Vendor_32;Email
I00146;6681.97;Vendor_22;Portal
I00147;5932.32;Vendor_26;EDI
I00148;4838.83;Vendor_34;Email
I00149;23012.47;Vendor_47;EDI
I00150;22992.72;Vendor_40;Portal
I00151;5138.57;Vendor_43;Portal
I00152;20453.62;Vendor_44;Portal
I00153;5706.42;Vendor_30;Portal
I00154;17299.53;Vendor_19;Portal
I00155;22461.3;Vendor_4;Email
I00156;4016.17;Vendor_45;EDI
I00157;10874.32;Vendor_21;EDI
I00158;1609.03;Vendor_39;Email
I00159;22471.32;Vendor_42;EDI
I00160;20583.02;Vendor_16;EDI
I00161;11262.67;Vendor_13;Email
I00162;24979.65;Vendor_42;Portal
I00163;11950.24;Vendor_30;Portal
I00164;15600.03;Vendor_24;Portal
I00165;6815.66;Vendor_23;EDI
I00166;2051.11;Vendor_15;Email
I00167;6396.36;Vendor_4;EDI
I00168;9745.08;Vendor_49;Portal
I00169;19931.7;Vendor_17;Email
I00170;6016.35;Vendor_29;EDI
I00171;5909.79;Vendor_23;EDI
I00172;2412.34;Vendor_7;EDI
I00173;6252.78;Vendor_13;Portal
I00174;5971.85;Vendor_16;Portal
I00175;13187.63;Vendor_5;Email
I00176;20361.55;Vendor_41;Email
I00177;24897.84;Vendor_3;EDI
I00178;20797.87;Vendor_8;Portal
I00179;3873.5;Vendor_20;EDI
I00180;7139.19;Vendor_45;Portal
I00181;13046.12;Vendor_35;Portal
I00182;12172.96;Vendor_35;EDI
I00183;22202.71;Vendor_27;Email
I00184;16672.99;Vendor_6;Email
I00185;16430.73;Vendor_26;Portal
I00186;5735.43;Vendor_50;Portal
I00187;16477.24;Vendor_30;Portal
I00188;10532.27;Vendor_50;EDI
I00189;15242.86;Vendor_16;EDI
I00190;2623.98;Vendor_46;Email
I00191;8831.27;Vendor_7;Email
I00192;9854.1;Vendor_30;Email
I00193;4920.93;Vendor_9;Portal
I00194;13068.43;Vendor_6;EDI
I00195;3307.09;Vendor_42;Portal
I00196;19498.96;Vendor_19;Email
I00197;23213.62;Vendor_40;EDI
I00198;17249.09;Vendor_34;Email
I00199;3315.87;Vendor_48;EDI
I00200;3388.91;Vendor_30;Email
I00201;4796.98;Vendor_12;Portal
I00202;17591.44;Vendor_5;EDI
I00203;24741.17;Vendor_33;Email
I00204;21057.53;Vendor_13;Email
I00205;7325.8;Vendor_43;Email
I00206;20594.66;Vendor_37;EDI
I00207;1460.82;Vendor_44;Portal
I00208;1430.98;Vendor_40;Email
I00209;17097.44;Vendor_13;EDI
I00210;16842.44;Vendor_10;Email
I00211;4667.85;Vendor_45;Email
I00212;3952.87;Vendor_3;EDI
I00213;2895.62;Vendor_12;Portal
I00214;18801.42;Vendor_13;EDI
I00215;12133.29;Vendor_17;EDI
I00216;19303.63;Vendor_14;Portal
I00217;11740.88;Vendor_15;Portal
I00218;15496.62;Vendor_15;Portal
I00219;14587.99;Vendor_30;Portal
I00220;20772.43;Vendor_34;Email
I00221;18477.25;Vendor_31;Email
I00222;1968.77;Vendor_35;EDI
I00223;16063.91;Vendor_48;EDI
I00224;20321.4;Vendor_34;EDI
I00225;22517.11;Vendor_46;Email
I00226;13066.8;Vendor_30;EDI
I00227;6500.52;Vendor_5;Email
I00228;24028.58;Vendor_30;Portal
I00229;7816.53;Vendor_23;EDI
I00230;21428.53;Vendor_25;Portal
I00231;22150.74;Vendor_14;Portal
I00232;17342.79;Vendor_44;Portal
I00233;7960.88;Vendor_48;Email
I00234;5237.12;Vendor_15;EDI
I00235;10360.56;Vendor_16;Email
I00236;11457.71;Vendor_31;Email
I00237;1584.28;Vendor_32;EDI
I00238;6833.74;Vendor_49;EDI
I00239;12348.93;Vendor_49;Email
I00240;24010.97;Vendor_11;Portal
I00241;10863.27;Vendor_34;Portal
I00242;10613.17;Vendor_24;EDI
I00243;22640.67;Vendor_33;Portal
I00244;22569.55;Vendor_8;Portal
I00245;22602.22;Vendor_15;EDI
I00246;3165.85;Vendor_26;EDI
I00247;23267.76;Vendor_38;Portal
I00248;17645.62;Vendor_4;Email
I00249;18717.21;Vendor_13;Portal
I00250;21405.5;Vendor_28;Portal
I00251;14038.12;Vendor_43;Portal
I00252;9378.02;Vendor_40;Email
I00253;22362.61;Vendor_45;EDI
I00254;22864.93;Vendor_8;Portal
I00255;3342.53;Vendor_1;Portal
I00256;13669.99;Vendor_44;Email
I00257;5140.06;Vendor_9;Email
I00258;5768.45;Vendor_8;EDI
I00259;1901.02;Vendor_4;Portal
I00260;18155.97;Vendor_14;EDI
I00261;17704.05;Vendor_15;Email
I00262;21325.44;Vendor_16;Portal
I00263;690.97;Vendor_10;Portal
I00264;6049.31;Vendor_29;Portal
I00265;22094.78;Vendor_7;Portal
I00266;14474.85;Vendor_27;EDI
I00267;3009.47;Vendor_20;EDI
I00268;621.13;Vendor_19;Portal
I00269;10862.23;Vendor_33;Email
I00270;3952.96;Vendor_6;Email
I00271;11281.03;Vendor_37;Portal
I00272;2233.98;Vendor_12;Portal
I00273;18474.95;Vendor_45;Portal
I00274;24767.6;Vendor_45;EDI
I00275;24403.47;Vendor_38;EDI
I00276;22331.36;Vendor_12;Email
I00277;10923.0;Vendor_9;EDI
I00278;11834.89;Vendor_25;EDI
I00279;21582.77;Vendor_40;EDI
I00280;3486.55;Vendor_11;EDI
I00281;24089.85;Vendor_4;EDI
I00282;2891.24;Vendor_21;Email
I00283;12192.42;Vendor_43;Email
I00284;3985.59;Vendor_13;Email
I00285;11443.74;Vendor_40;Email
I00286;13637.83;Vendor_6;EDI
I00287;5809.07;Vendor_30;Email
I00288;20640.39;Vendor_44;EDI
I00289;22089.99;Vendor_35;Email
I00290;14588.71;Vendor_45;Email
I00291;9349.58;Vendor_14;Portal
I00292;24044.84;Vendor_37;Email
I00293;24932.73;Vendor_7;EDI
I00294;1544.98;Vendor_42;Portal
I00295;10020.47;Vendor_50;Email
I00296;5523.95;Vendor_15;EDI
I00297;9161.2;Vendor_9;EDI
I00298;21157.25;Vendor_27;Email
I00299;6048.99;Vendor_11;EDI
I00300;24886.96;Vendor_13;Email
I00301;17908.09;Vendor_8;Email
I00302;10993.49;Vendor_37;Email
I00303;4539.04;Vendor_11;EDI
I00304;23247.64;Vendor_50;Email
I00305;18985.24;Vendor_46;EDI
I00306;14688.14;Vendor_6;EDI
I00307;10364.52;Vendor_17;EDI
I00308;22619.63;Vendor_23;Email
I00309;6791.85;Vendor_10;Portal
I00310;20503.65;Vendor_41;EDI
I00311;490.59;Vendor_36;Portal
I00312;3277.36;Vendor_42;EDI
I00313;15859.01;Vendor_20;Portal
I00314;16021.35;Vendor_48;Email
I00315;24868.66;Vendor_25;Email
I00316;14609.25;Vendor_29;Portal
I00317;13512.01;Vendor_6;EDI
I00318;5457.57;Vendor_23;Portal
I00319;17091.49;Vendor_31;EDI
I00320;444.0;Vendor_8;Email
I00321;7204.98;Vendor_26;EDI
I00322;11561.78;Vendor_28;EDI
I00323;24363.66;Vendor_7;Portal
I00324;16830.23;Vendor_43;EDI
I00325;14428.46;Vendor_22;Email
I00326;23967.12;Vendor_23;EDI
I00327;1360.47;Vendor_32;EDI
I00328;12495.32;Vendor_43;EDI
I00329;19890.96;Vendor_40;Portal
I00330;1583.58;Vendor_30;Email
I00331;21639.98;Vendor_10;Portal
I00332;23223.41;Vendor_25;Portal
I00333;13941.75;Vendor_41;Email
I00334;18092.4;Vendor_17;Email
I00335;24402.13;Vendor_38;Email
I00336;13128.01;Vendor_5;Email
I00337;9683.83;Vendor_37;EDI
I00338;4867.97;Vendor_37;Email
I00339;4136.61;Vendor_13;Email
I00340;1704.28;Vendor_21;EDI
I00341;22616.74;Vendor_16;Portal
I00342;649.17;Vendor_28;Email
I00343;12792.95;Vendor_25;Email
I00344;13557.65;Vendor_2;Portal
I00345;13646.81;Vendor_6;Email
I00346;5606.42;Vendor_18;EDI
I00347;22164.48;Vendor_24;Portal
I00348;16305.11;Vendor_1;Email
I00349;17061.59;Vendor_45;Email
I00350;5742.68;Vendor_34;Email
I00351;15456.93;Vendor_46;Email
I00352;8333.93;Vendor_39;EDI
I00353;10469.68;Vendor_4;EDI
I00354;13174.66;Vendor_34;Portal
I00355;2760.36;Vendor_10;EDI
I00356;14473.75;Vendor_23;EDI
I00357;12915.84;Vendor_29;Portal
I00358;11812.95;Vendor_14;Email
I00359;2359.71;Vendor_25;Portal
I00360;5189.98;Vendor_7;Email
I00361;19128.03;Vendor_28;Email
I00362;9076.62;Vendor_15;EDI
I00363;14455.17;Vendor_25;EDI
I00364;22841.04;Vendor_26;Portal
I00365;454.99;Vendor_12;Email
I00366;2611.51;Vendor_35;Portal
I00367;14419.73;Vendor_11;Email
I00368;17339.17;Vendor_43;Email
I00369;23748.17;Vendor_23;Portal
I00370;7781.98;Vendor_19;Portal
I00371;24389.06;Vendor_11;EDI
I00372;20417.53;Vendor_10;Email
I00373;1440.04;Vendor_6;Email
I00374;6776.79;Vendor_43;EDI
I00375;23137.05;Vendor_34;Portal
I00376;22413.3;Vendor_36;EDI
I00377;4587.81;Vendor_14;Portal
I00378;4544.31;Vendor_38;EDI
I00379;10169.94;Vendor_49;Portal
I00380;18283.22;Vendor_18;Email
I00381;15291.65;Vendor_22;Portal
I00382;23312.97;Vendor_4;Portal
I00383;7963.1;Vendor_18;Portal
I00384;19563.74;Vendor_27;Portal
I00385;13586.15;Vendor_21;Email
I00386;7453.27;Vendor_44;EDI
I00387;15163.54;Vendor_32;EDI
I00388;122.71;Vendor_43;EDI
I00389;9210.48;Vendor_24;EDI
I00390;20138.17;Vendor_48;EDI
I00391;8578.08;Vendor_27;Portal
I00392;8696.18;Vendor_6;Portal
I00393;19888.25;Vendor_29;Portal
I00394;5053.56;Vendor_30;Portal
I00395;20726.81;Vendor_7;EDI
I00396;22302.78;Vendor_33;EDI
I00397;19181.4;Vendor_21;EDI
I00398;24636.87;Vendor_33;Email
I00399;11024.24;Vendor_3;EDI
I00400;22551.96;Vendor_8;Portal
I00401;19085.37;Vendor_50;Portal
I00402;3288.63;Vendor_35;Portal
I00403;20200.37;Vendor_10;Email
I00404;18487.96;Vendor_29;EDI
I00405;15379.37;Vendor_35;Email
I00406;4163.07;Vendor_44;Portal
I00407;5935.7;Vendor_41;Portal
I00408;1572.58;Vendor_48;Portal
I00409;9959.4;Vendor_39;Portal
I00410;15390.16;Vendor_2;Portal
I00411;12717.2;Vendor_7;EDI
I00412;15042.83;Vendor_17;Email
I00413;19810.8;Vendor_40;EDI
I00414;7793.7;Vendor_38;Email
I00415;15061.31;Vendor_45;Email
I00416;24228.04;Vendor_50;EDI
I00417;20610.95;Vendor_35;Email
I00418;10164.17;Vendor_35;EDI
I00419;4994.1;Vendor_16;Portal
I00420;18201.26;Vendor_14;Email
I00421;6896.95;Vendor_16;Email
I00422;22932.54;Vendor_15;EDI
I00423;23322.86;Vendor_42;Portal
I00424;16077.49;Vendor_22;EDI
I00425;17545.64;Vendor_4;EDI
I00426;15559.67;Vendor_31;Email
I00427;13758.62;Vendor_5;Portal
I00428;20654.4;Vendor_48;EDI
I00429;23784.7;Vendor_6;EDI
I00430;17375.15;Vendor_30;Email
I00431;18353.95;Vendor_49;Email
I00432;7300.83;Vendor_32;Email
I00433;9641.68;Vendor_49;Portal
I00434;12797.6;Vendor_7;Email
I00435;23599.9;Vendor_9;Email
I00436;4655.14;Vendor_13;Email
I00437;389.62;Vendor_44;Email
I00438;19095.53;Vendor_37;Email
I00439;19295.75;Vendor_50;Email
I00440;2307.23;Vendor_6;EDI
I00441;5480.96;Vendor_19;Portal
I00442;16503.94;Vendor_30;Portal
I00443;16667.25;Vendor_2;Email
I00444;3788.77;Vendor_25;Portal
I00445;20221.47;Vendor_4;Email
I00446;20610.68;Vendor_33;Email
I00447;10994.7;Vendor_28;EDI
I00448;17710.59;Vendor_37;Portal
I00449;2230.26;Vendor_20;Portal
I00450;10174.98;Vendor_38;Email
I00451;11922.62;Vendor_39;EDI
I00452;18555.37;Vendor_6;EDI
I00453;3567.78;Vendor_39;Portal
I00454;15136.42;Vendor_28;Email
I00455;14691.64;Vendor_6;EDI
I00456;21973.43;Vendor_29;Portal
I00457;15953.9;Vendor_47;Email
I00458;6548.54;Vendor_11;Portal
I00459;802.37;Vendor_18;EDI
I00460;24261.03;Vendor_16;Email
I00461;13116.67;Vendor_1;Portal
I00462;24747.14;Vendor_29;EDI
I00463;4822.61;Vendor_14;EDI
I00464;12133.59;Vendor_10;Portal
I00465;21159.85;Vendor_41;Portal
I00466;17167.83;Vendor_36;Portal
I00467;18100.61;Vendor_38;EDI
I00468;2776.13;Vendor_41;Email
I00469;6646.19;Vendor_5;Email
I00470;19963.6;Vendor_11;EDI
I00471;1518.14;Vendor_29;Email
I00472;4778.47;Vendor_44;EDI
I00473;18431.12;Vendor_12;Email
I00474;4639.29;Vendor_15;Email
I00475;17310.9;Vendor_9;Email
I00476;20448.69;Vendor_27;Email
I00477;23174.1;Vendor_32;Portal
I00478;24335.27;Vendor_23;Portal
I00479;11034.86;Vendor_34;Email
I00480;6346.9;Vendor_34;EDI
I00481;1489.66;Vendor_28;Email
I00482;13353.76;Vendor_13;Portal
I00483;20829.83;Vendor_42;EDI
I00484;4393.91;Vendor_16;Portal
I00485;23550.33;Vendor_40;Portal
I00486;1993.76;Vendor_46;Email
I00487;6311.91;Vendor_15;Email
I00488;7868.21;Vendor_21;EDI
I00489;13645.26;Vendor_39;Email
I00490;17052.83;Vendor_48;Portal
I00491;5530.16;Vendor_47;Portal
I00492;23722.78;Vendor_17;Email
I00493;12746.32;Vendor_14;Portal
I00494;8882.94;Vendor_19;Portal
I00495;17811.95;Vendor_45;EDI
I00496;914.16;Vendor_2;Portal
I00497;4916.45;Vendor_39;Portal
I00498;2455.05;Vendor_33;EDI
I00499;10316.44;Vendor_12;EDI
I00500;1477.45;Vendor_44;Portal
I00501;3849.21;Vendor_26;Email
I00502;22837.89;Vendor_33;EDI
I00503;22788.47;Vendor_35;Email
I00504;20588.37;Vendor_21;Portal
I00505;11982.46;Vendor_20;Email
I00506;20239.22;Vendor_23;EDI
I00507;20052.63;Vendor_6;Email
I00508;3586.76;Vendor_43;Portal
I00509;10956.92;Vendor_17;Email
I00510;21293.19;Vendor_42;Email
I00511;16224.04;Vendor_44;EDI
I00512;18880.26;Vendor_31;EDI
I00513;22055.08;Vendor_5;Portal
I00514;22572.32;Vendor_3;Email
I00515;1119.31;Vendor_49;Email
I00516;12318.22;Vendor_43;EDI
I00517;539.5;Vendor_44;Portal
I00518;18685.35;Vendor_49;Email
I00519;9295.22;Vendor_1;Email
I00520;10088.91;Vendor_10;EDI
I00521;20707.37;Vendor_4;EDI
I00522;716.37;Vendor_3;EDI
I00523;16465.91;Vendor_46;EDI
I00524;16441.79;Vendor_43;Portal
I00525;14459.47;Vendor_31;EDI
I00526;16077.67;Vendor_24;EDI
I00527;5995.65;Vendor_10;Portal
I00528;5415.49;Vendor_3;Portal
I00529;23906.68;Vendor_2;Portal
I00530;17155.93;Vendor_41;Email
I00531;6359.4;Vendor_29;Email
I00532;21633.61;Vendor_43;EDI
I00533;14419.62;Vendor_4;Portal
I00534;15133.76;Vendor_27;EDI
I00535;18192.33;Vendor_18;Portal
I00536;22413.03;Vendor_14;Portal
I00537;8280.69;Vendor_13;Portal
I00538;6906.02;Vendor_14;EDI
I00539;7019.22;Vendor_11;Email
I00540;22465.52;Vendor_5;Email
I00541;9047.01;Vendor_43;Email
I00542;11186.33;Vendor_22;EDI
I00543;12846.55;Vendor_9;EDI
I00544;2925.79;Vendor_29;EDI
I00545;13404.41;Vendor_1;Email
I00546;7932.51;Vendor_23;Email
I00547;12638.99;Vendor_48;Email
I00548;12323.17;Vendor_48;Email
I00549;22860.81;Vendor_33;Portal
I00550;12863.83;Vendor_36;EDI
I00551;23874.39;Vendor_26;EDI
I00552;15909.02;Vendor_33;Email
I00553;19913.66;Vendor_31;EDI
I00554;12100.24;Vendor_1;EDI
I00555;11544.18;Vendor_4;Portal
I00556;918.03;Vendor_16;Portal
I00557;16161.91;Vendor_50;Email
I00558;23792.72;Vendor_35;EDI
I00559;16189.24;Vendor_16;Email
I00560;3212.41;Vendor_25;Portal
I00561;7258.29;Vendor_49;EDI
I00562;1185.55;Vendor_16;Email
I00563;18674.42;Vendor_34;Email
I00564;14810.9;Vendor_12;Email
I00565;7489.45;Vendor_14;Portal
I00566;1706.18;Vendor_6;Email
I00567;1039.23;Vendor_35;Portal
I00568;24365.02;Vendor_37;Portal
I00569;8659.53;Vendor_9;EDI
I00570;13030.07;Vendor_31;Portal
I00571;15557.67;Vendor_16;EDI
I00572;3066.14;Vendor_17;Portal
I00573;6241.83;Vendor_10;Portal
I00574;842.65;Vendor_37;EDI
I00575;21058.65;Vendor_45;Portal
I00576;6393.14;Vendor_43;Email
I00577;21366.22;Vendor_5;Portal
I00578;4243.53;Vendor_22;Portal
I00579;16558.83;Vendor_42;EDI
I00580;10856.35;Vendor_30;Portal
I00581;4114.96;Vendor_24;EDI
I00582;13634.4;Vendor_42;EDI
I00583;13372.79;Vendor_3;Portal
I00584;16488.1;Vendor_13;Portal
I00585;9256.2;Vendor_2;Portal
I00586;8645.92;Vendor_16;Portal
I00587;24875.98;Vendor_31;Portal
I00588;14857.24;Vendor_4;EDI
I00589;3085.28;Vendor_43;Email
I00590;15314.97;Vendor_14;EDI
I00591;21854.5;Vendor_39;EDI
I00592;3454.59;Vendor_11;Email
I00593;24132.63;Vendor_16;Portal
I00594;5162.41;Vendor_7;EDI
I00595;18296.24;Vendor_26;EDI
I00596;14650.47;Vendor_1;Portal
I00597;19753.73;Vendor_3;EDI
I00598;10413.84;Vendor_43;Portal
I00599;770.63;Vendor_6;Email
I00600;10630.46;Vendor_41;Portal
I00601;6714.31;Vendor_40;Portal
I00602;20547.41;Vendor_7;Portal
I00603;20760.13;Vendor_9;Email
I00604;23054.47;Vendor_21;Portal
I00605;6734.1;Vendor_21;Email
I00606;19129.75;Vendor_12;EDI
I00607;9174.17;Vendor_39;Portal
I00608;9071.59;Vendor_47;Portal
I00609;22089.25;Vendor_7;Email
I00610;20945.27;Vendor_43;Email
I00611;11683.14;Vendor_6;EDI
I00612;12220.5;Vendor_41;EDI
I00613;2733.57;Vendor_44;Portal
I00614;20215.5;Vendor_23;Email
I00615;7428.27;Vendor_36;Email
I00616;15201.86;Vendor_26;Portal
I00617;21109.01;Vendor_49;Portal
I00618;6720.63;Vendor_4;Email
I00619;139.08;Vendor_12;Portal
I00620;17403.13;Vendor_23;Portal
I00621;22940.41;Vendor_31;EDI
I00622;10894.31;Vendor_40;Portal
I00623;6989.53;Vendor_12;Email
I00624;2936.28;Vendor_40;Email
I00625;12694.17;Vendor_48;Portal
I00626;4741.93;Vendor_10;EDI
I00627;24250.86;Vendor_16;EDI
I00628;7831.08;Vendor_5;Email
I00629;17965.24;Vendor_27;EDI
I00630;4636.83;Vendor_19;EDI
I00631;20661.37;Vendor_46;Email
I00632;10662.63;Vendor_6;Portal
I00633;12128.34;Vendor_28;EDI
I00634;10389.24;Vendor_32;Email
I00635;20205.44;Vendor_29;Email
I00636;521.73;Vendor_41;Email
I00637;13773.41;Vendor_49;Portal
I00638;12626.03;Vendor_43;Email
I00639;19386.78;Vendor_41;EDI
I00640;5438.57;Vendor_9;Email
I00641;12835.05;Vendor_18;Portal
I00642;17512.49;Vendor_43;Email
I00643;8229.68;Vendor_20;Email
I00644;5682.26;Vendor_25;Email
I00645;24846.88;Vendor_32;Email
I00646;82.7;Vendor_26;Email
I00647;20252.58;Vendor_35;Email
I00648;16289.23;Vendor_40;Portal
I00649;496.57;Vendor_33;Email
I00650;20422.42;Vendor_45;EDI
I00651;14329.11;Vendor_10;Email
I00652;15381.34;Vendor_18;Portal
I00653;22657.56;Vendor_15;Email
I00654;10362.62;Vendor_43;EDI
I00655;21777.33;Vendor_5;Email
I00656;22449.82;Vendor_32;EDI
I00657;17710.67;Vendor_32;Portal
I00658;10691.76;Vendor_32;Portal
I00659;19376.3;Vendor_3;EDI
I00660;1458.1;Vendor_33;EDI
I00661;3747.18;Vendor_47;EDI
I00662;7220.59;Vendor_50;EDI
I00663;3104.25;Vendor_43;EDI
I00664;7375.39;Vendor_10;Portal
I00665;21762.49;Vendor_48;Email
I00666;14854.96;Vendor_29;Email
I00667;15866.32;Vendor_2;EDI
I00668;20592.78;Vendor_32;Portal
I00669;23940.21;Vendor_2;Portal
I00670;13542.89;Vendor_31;Email
I00671;20917.61;Vendor_29;Portal
I00672;17001.41;Vendor_6;EDI
I00673;4832.37;Vendor_34;Email
I00674;19156.64;Vendor_20;EDI
I00675;7296.99;Vendor_22;Email
I00676;21640.85;Vendor_45;EDI
I00677;10780.6;Vendor_41;EDI
I00678;5310.36;Vendor_9;Portal
I00679;16553.46;Vendor_35;Portal
I00680;17938.79;Vendor_16;Email
I00681;18675.0;Vendor_19;EDI
I00682;3614.62;Vendor_41;EDI
I00683;498.24;Vendor_17;Portal
I00684;13936.58;Vendor_31;Email
I00685;7182.38;Vendor_12;Portal
I00686;16526.35;Vendor_12;EDI
I00687;21994.83;Vendor_21;Email
I00688;8277.82;Vendor_39;Email
I00689;7115.01;Vendor_35;Email
I00690;9365.22;Vendor_5;Portal
I00691;13223.0;Vendor_26;Email
I00692;1161.37;Vendor_6;Portal
I00693;17179.74;Vendor_31;Portal
I00694;16541.52;Vendor_25;Email
I00695;11188.45;Vendor_41;EDI
I00696;22382.86;Vendor_25;Portal
I00697;2098.1;Vendor_7;EDI
I00698;9930.87;Vendor_12;Email
I00699;19755.41;Vendor_49;Email
I00700;3074.91;Vendor_32;Email
I00701;24345.22;Vendor_7;Email
I00702;10355.83;Vendor_36;Email
I00703;6149.0;Vendor_32;EDI
I00704;17991.06;Vendor_3;Email
I00705;3794.65;Vendor_40;Portal
I00706;6094.49;Vendor_5;Portal
I00707;2325.18;Vendor_40;Email
I00708;17214.27;Vendor_28;EDI
I00709;19888.21;Vendor_33;Portal
I00710;24.59;Vendor_3;EDI
I00711;3112.07;Vendor_35;Email
I00712;20401.61;Vendor_47;Portal
I00713;16984.91;Vendor_35;Portal
I00714;4553.95;Vendor_27;Email
I00715;8261.42;Vendor_42;Email
I00716;19597.58;Vendor_50;Email
I00717;17240.03;Vendor_32;Portal
I00718;17431.45;Vendor_4;Portal
I00719;23367.62;Vendor_38;Email
I00720;8240.49;Vendor_42;EDI
I00721;8299.19;Vendor_26;Email
I00722;24808.23;Vendor_5;EDI
I00723;3653.01;Vendor_16;Email
I00724;21913.1;Vendor_44;Portal
I00725;1083.4;Vendor_20;Email
I00726;16434.14;Vendor_48;Portal
I00727;24789.67;Vendor_29;Email
I00728;22598.08;Vendor_11;Portal
I00729;1241.71;Vendor_29;Email
I00730;11086.28;Vendor_42;EDI
I00731;4674.24;Vendor_39;EDI
I00732;18675.25;Vendor_13;EDI
I00733;10869.92;Vendor_37;EDI
I00734;3994.35;Vendor_42;EDI
I00735;7438.12;Vendor_20;Email
I00736;17373.21;Vendor_38;EDI
I00737;3368.04;Vendor_39;Email
I00738;957.19;Vendor_49;EDI
I00739;21166.37;Vendor_32;Portal
I00740;1448.17;Vendor_8;Portal
I00741;3497.8;Vendor_15;Email
I00742;7834.75;Vendor_34;EDI
I00743;24946.43;Vendor_30;Portal
I00744;8064.09;Vendor_32;Portal
I00745;20356.16;Vendor_24;Portal
I00746;1716.69;Vendor_37;Portal
I00747;10677.42;Vendor_50;Email
I00748;10749.1;Vendor_13;Portal
I00749;5173.78;Vendor_14;Portal
I00750;2205.45;Vendor_45;EDI
I00751;11328.83;Vendor_13;EDI
I00752;2067.46;Vendor_39;Portal
I00753;16761.43;Vendor_9;Portal
I00754;5327.81;Vendor_16;EDI
I00755;23132.5;Vendor_5;EDI
I00756;4156.54;Vendor_21;EDI
I00757;1086.09;Vendor_38;Portal
I00758;3759.25;Vendor_48;Email
I00759;3503.94;Vendor_23;EDI
I00760;20079.66;Vendor_21;EDI
I00761;4268.39;Vendor_2;Portal
I00762;6158.01;Vendor_31;EDI
I00763;220.66;Vendor_35;EDI
I00764;21967.98;Vendor_10;Portal
I00765;22844.88;Vendor_47;Email
I00766;21444.33;Vendor_37;Portal
I00767;23933.32;Vendor_19;Portal
I00768;3036.79;Vendor_16;EDI
I00769;19799.0;Vendor_23;EDI
I00770;6923.03;Vendor_11;Email
I00771;23088.81;Vendor_14;Portal
I00772;10339.0;Vendor_47;Email
I00773;24359.16;Vendor_8;EDI
I00774;23303.4;Vendor_27;Portal
I00775;1427.54;Vendor_11;Email
I00776;7062.21;Vendor_49;Email
I00777;2977.88;Vendor_25;Portal
I00778;7165.52;Vendor_5;EDI
I00779;13779.81;Vendor_4;Email
I00780;16721.38;Vendor_49;Portal
I00781;9025.26;Vendor_21;EDI
I00782;13079.16;Vendor_3;Email
I00783;21028.72;Vendor_21;Portal
I00784;24446.92;Vendor_4;Portal
I00785;7183.78;Vendor_6;EDI
I00786;19716.35;Vendor_47;Portal
I00787;20063.77;Vendor_2;Email
I00788;4102.2;Vendor_20;Portal
I00789;20362.3;Vendor_27;Portal
I00790;7264.24;Vendor_2;EDI
I00791;22339.97;Vendor_22;EDI
I00792;23659.98;Vendor_35;EDI
I00793;2217.25;Vendor_3;Portal
I00794;4130.83;Vendor_35;Email
I00795;22041.02;Vendor_6;EDI
I00796;829.73;Vendor_42;Portal
I00797;7475.53;Vendor_27;Portal
I00798;22468.4;Vendor_36;Email
I00799;22290.54;Vendor_24;Portal
I00800;8343.75;Vendor_1;EDI
I00801;20193.22;Vendor_13;EDI
I00802;17716.6;Vendor_13;Email
I00803;7391.7;Vendor_38;Email
I00804;2197.72;Vendor_21;EDI
I00805;20193.97;Vendor_22;Portal
I00806;8873.49;Vendor_5;Email
I00807;6551.8;Vendor_42;Email
I00808;2249.79;Vendor_5;Portal
I00809;13561.65;Vendor_37;Email
I00810;21355.9;Vendor_5;EDI
I00811;11315.47;Vendor_25;EDI
I00812;1951.9;Vendor_48;Portal
I00813;18805.02;Vendor_45;EDI
I00814;14463.8;Vendor_24;Email
I00815;22015.7;Vendor_47;Portal
I00816;8097.7;Vendor_21;Email
I00817;8455.06;Vendor_20;EDI
I00818;9587.1;Vendor_18;EDI
I00819;23947.79;Vendor_32;Email
I00820;8443.39;Vendor_6;Email
I00821;7362.38;Vendor_47;Portal
I00822;20166.51;Vendor_10;Email
I00823;19500.46;Vendor_18;EDI
I00824;6757.31;Vendor_17;Portal
I00825;2593.23;Vendor_22;Email
I00826;966.56;Vendor_39;Portal
I00827;7925.06;Vendor_10;Portal
I00828;12616.39;Vendor_24;EDI
I00829;18182.82;Vendor_28;Portal
I00830;16627.3;Vendor_27;Portal
I00831;666.18;Vendor_33;Email
I00832;5258.32;Vendor_48;Portal
I00833;16139.91;Vendor_19;Portal
I00834;5163.89;Vendor_44;Email
I00835;14869.33;Vendor_2;EDI
I00836;23006.41;Vendor_44;Email
I00837;19718.71;Vendor_16;Email
I00838;11818.0;Vendor_6;Email
I00839;5575.04;Vendor_28;Portal
I00840;2996.45;Vendor_49;Portal
I00841;17834.82;Vendor_19;Email
I00842;6767.61;Vendor_18;Email
I00843;21649.84;Vendor_36;Email
I00844;8924.8;Vendor_10;Email
I00845;260.62;Vendor_30;Portal
I00846;9399.7;Vendor_7;Portal
I00847;1807.08;Vendor_17;Email
I00848;4304.16;Vendor_41;Portal
I00849;17225.88;Vendor_48;EDI
I00850;188.76;Vendor_30;Portal
I00851;20543.74;Vendor_5;Portal
I00852;24415.89;Vendor_14;Email
I00853;6245.3;Vendor_16;EDI
I00854;20711.21;Vendor_15;Portal
I00855;9262.24;Vendor_42;Portal
I00856;9024.85;Vendor_31;EDI
I00857;566.85;Vendor_21;EDI
I00858;11819.73;Vendor_45;Portal
I00859;2193.03;Vendor_18;Email
I00860;4312.91;Vendor_2;Email
I00861;17345.05;Vendor_33;EDI
I00862;11247.84;Vendor_37;Portal
I00863;18025.44;Vendor_37;Email
I00864;2009.96;Vendor_33;Portal
I00865;98.04;Vendor_29;EDI
I00866;20531.59;Vendor_12;EDI
I00867;16449.85;Vendor_26;Email
I00868;17868.29;Vendor_16;Email
I00869;19831.04;Vendor_11;EDI
I00870;17100.0;Vendor_23;EDI
I00871;24474.18;Vendor_16;Email
I00872;9860.39;Vendor_36;EDI
I00873;12657.48;Vendor_27;Portal
I00874;5726.6;Vendor_44;Email
I00875;9367.99;Vendor_9;Email
I00876;10897.21;Vendor_31;Email
I00877;11319.93;Vendor_35;EDI
I00878;23263.21;Vendor_25;Portal
I00879;14351.21;Vendor_35;EDI
I00880;2616.2;Vendor_46;Email
I00881;18065.53;Vendor_13;Portal
I00882;3778.44;Vendor_11;Portal
I00883;18242.52;Vendor_2;Email
I00884;16819.39;Vendor_10;Email
I00885;9366.42;Vendor_32;EDI
I00886;2062.49;Vendor_19;Portal
I00887;2707.41;Vendor_10;Email
I00888;9826.34;Vendor_34;EDI
I00889;19592.32;Vendor_40;Portal
I00890;1337.75;Vendor_43;Email
I00891;12781.95;Vendor_4;EDI
I00892;13009.18;Vendor_20;Email
I00893;11323.11;Vendor_28;EDI
I00894;92.6;Vendor_8;Email
I00895;3453.42;Vendor_43;Email
I00896;8600.36;Vendor_14;Email
I00897;1324.84;Vendor_45;Email
I00898;3123.05;Vendor_42;EDI
I00899;5314.33;Vendor_23;EDI
I00900;14624.05;Vendor_39;Email
I00901;24961.78;Vendor_37;EDI
I00902;5960.32;Vendor_8;Portal
I00903;17687.34;Vendor_43;EDI
I00904;8304.34;Vendor_11;EDI
I00905;13867.37;Vendor_38;Portal
I00906;14434.8;Vendor_19;EDI
I00907;1246.18;Vendor_31;Portal
I00908;12376.32;Vendor_3;EDI
I00909;15380.45;Vendor_16;EDI
I00910;13463.9;Vendor_5;Email
I00911;17141.12;Vendor_40;Portal
I00912;18012.98;Vendor_9;EDI
I00913;4774.6;Vendor_10;EDI
I00914;13287.18;Vendor_31;Portal
I00915;1107.38;Vendor_43;EDI
I00916;18793.76;Vendor_35;Portal
I00917;13201.67;Vendor_19;EDI
I00918;4238.78;Vendor_23;Email
I00919;6260.26;Vendor_40;Portal
I00920;9156.28;Vendor_49;Portal
I00921;4147.13;Vendor_46;Portal
I00922;1022.41;Vendor_34;Email
I00923;21319.01;Vendor_27;Email
I00924;14796.96;Vendor_24;Portal
I00925;2233.09;Vendor_28;EDI
I00926;16669.24;Vendor_28;Portal
I00927;17714.17;Vendor_11;Portal
I00928;1951.39;Vendor_45;Email
I00929;19109.74;Vendor_6;Portal
I00930;7222.85;Vendor_3;Portal
I00931;19744.52;Vendor_19;Portal
I00932;16212.59;Vendor_4;EDI
I00933;13329.17;Vendor_35;EDI
I00934;12833.09;Vendor_3;Portal
I00935;16029.54;Vendor_30;Email
I00936;21349.24;Vendor_22;Portal
I00937;11294.56;Vendor_24;EDI
I00938;24895.48;Vendor_39;Portal
I00939;5331.68;Vendor_50;Email
I00940;5971.71;Vendor_21;Portal
I00941;5117.05;Vendor_32;EDI
I00942;15858.52;Vendor_27;Email
I00943;6308.57;Vendor_37;Email
I00944;2652.68;Vendor_19;Email
I00945;9164.58;Vendor_6;Email
I00946;11053.99;Vendor_37;Email
I00947;1625.11;Vendor_21;EDI
I00948;23547.49;Vendor_32;Portal
I00949;9379.28;Vendor_16;EDI
I00950;5588.64;Vendor_50;Email
I00951;10159.5;Vendor_38;Email
I00952;24084.87;Vendor_12;Portal
I00953;3458.57;Vendor_6;EDI
I00954;13600.56;Vendor_26;Portal
I00955;9777.3;Vendor_22;Email
I00956;14840.48;Vendor_14;Email
I00957;18982.42;Vendor_30;Email
I00958;5472.26;Vendor_36;Email
I00959;4588.38;Vendor_34;EDI
I00960;19876.92;Vendor_38;Email
I00961;20771.44;Vendor_31;Portal
I00962;9997.71;Vendor_23;Email
I00963;9984.7;Vendor_9;EDI
I00964;14490.52;Vendor_22;EDI
I00965;16322.83;Vendor_35;EDI
I00966;16852.6;Vendor_33;Portal
I00967;20730.9;Vendor_31;Portal
I00968;13626.65;Vendor_18;EDI
I00969;10885.58;Vendor_2;Portal
I00970;14526.38;Vendor_20;Portal
I00971;24836.57;Vendor_48;EDI
I00972;1093.84;Vendor_6;Portal
I00973;8813.92;Vendor_47;Portal
I00974;10680.93;Vendor_49;EDI
I00975;214.62;Vendor_32;EDI
I00976;9287.3;Vendor_11;Portal
I00977;1257.06;Vendor_39;Portal
I00978;7309.17;Vendor_19;EDI
I00979;2324.58;Vendor_7;Portal
I00980;23986.9;Vendor_19;Portal
I00981;19023.08;Vendor_40;Email
I00982;3996.7;Vendor_4;Portal
I00983;22436.61;Vendor_13;Email
I00984;22925.57;Vendor_38;Email
I00985;22752.6;Vendor_43;Email
I00986;14465.45;Vendor_23;Email
I00987;22284.25;Vendor_18;EDI
I00988;5252.41;Vendor_47;EDI
I00989;5494.41;Vendor_8;EDI
I00990;17209.18;Vendor_46;EDI
I00991;17838.92;Vendor_17;EDI
I00992;10935.67;Vendor_18;Portal
I00993;14388.13;Vendor_30;Email
I00994;13254.45;Vendor_2;Email
I00995;4166.26;Vendor_4;Portal
I00996;3622.34;Vendor_13;EDI
I00997;2725.73;Vendor_34;Email
I00998;2397.47;Vendor_15;EDI
I00999;5792.94;Vendor_43;EDI
I01000;665.71;Vendor_28;EDI
I01001;3357.74;Vendor_12;Portal
I01002;15466.05;Vendor_28;Email
I01003;15236.06;Vendor_50;Portal
I01004;21383.43;Vendor_5;Portal
I01005;24586.93;Vendor_13;Email
I01006;16893.08;Vendor_13;EDI
I01007;6639.54;Vendor_20;Portal
I01008;5861.19;Vendor_29;EDI
I01009;10632.86;Vendor_19;EDI
I01010;7703.19;Vendor_16;Email
I01011;6993.85;Vendor_25;Email
I01012;15313.24;Vendor_35;EDI
I01013;21704.79;Vendor_16;Portal
I01014;3104.63;Vendor_6;Email
I01015;24981.71;Vendor_10;Email
I01016;18142.84;Vendor_5;EDI
I01017;14278.73;Vendor_34;EDI
I01018;4463.56;Vendor_39;Email
I01019;8550.62;Vendor_6;Portal
I01020;462.8;Vendor_3;Portal
I01021;6779.78;Vendor_23;Portal
I01022;16194.0;Vendor_12;Portal
I01023;12991.07;Vendor_19;EDI
I01024;3724.97;Vendor_3;Email
I01025;12686.45;Vendor_28;Portal
I01026;19729.26;Vendor_24;Email
I01027;9547.34;Vendor_12;EDI
I01028;17585.57;Vendor_19;Email
I01029;11798.97;Vendor_14;Portal
I01030;20608.02;Vendor_25;EDI
I01031;1091.54;Vendor_23;Portal
I01032;16535.29;Vendor_47;Portal
I01033;22169.89;Vendor_38;Email
I01034;9397.61;Vendor_1;Portal
I01035;787.27;Vendor_10;Portal
I01036;24752.9;Vendor_46;Email
I01037;21880.27;Vendor_33;Email
I01038;4566.25;Vendor_28;Email
I01039;24190.94;Vendor_34;EDI
I01040;14204.01;Vendor_31;EDI
I01041;24023.28;Vendor_11;Portal
I01042;4725.42;Vendor_23;Email
I01043;18825.85;Vendor_47;EDI
I01044;21220.84;Vendor_3;EDI
I01045;23953.15;Vendor_32;Portal
I01046;23518.84;Vendor_40;Email
I01047;1499.56;Vendor_41;EDI
I01048;17114.16;Vendor_17;EDI
I01049;20248.76;Vendor_32;Portal
I01050;4939.42;Vendor_31;Email
I01051;14175.15;Vendor_26;Portal
I01052;19786.61;Vendor_7;Email
I01053;6955.17;Vendor_17;Portal
I01054;4157.6;Vendor_10;Email
I01055;13465.68;Vendor_30;EDI
I01056;17147.46;Vendor_29;Email
I01057;18975.09;Vendor_17;EDI
I01058;8761.83;Vendor_25;Email
I01059;3387.21;Vendor_33;Email
I01060;1852.32;Vendor_49;Portal
I01061;9810.72;Vendor_45;Email
I01062;4855.36;Vendor_45;Portal
I01063;598.01;Vendor_5;Portal
I01064;4326.11;Vendor_31;Email
I01065;21325.98;Vendor_5;Email
I01066;22848.98;Vendor_48;Email
I01067;8319.32;Vendor_31;Portal
I01068;16098.49;Vendor_11;EDI
I01069;24822.27;Vendor_11;Portal
I01070;24662.37;Vendor_22;EDI
I01071;13354.17;Vendor_4;EDI
I01072;23431.29;Vendor_8;Email
I01073;21836.33;Vendor_32;Email
I01074;8302.78;Vendor_23;Email
I01075;5193.91;Vendor_4;EDI
I01076;24772.54;Vendor_21;Portal
I01077;5410.91;Vendor_12;Portal
I01078;4848.11;Vendor_26;EDI
I01079;11101.34;Vendor_48;Email
I01080;17259.2;Vendor_43;Portal
I01081;19936.05;Vendor_33;Portal
I01082;15422.92;Vendor_8;Email
I01083;22598.09;Vendor_8;Portal
I01084;1403.59;Vendor_21;Email
I01085;12133.23;Vendor_33;Portal
I01086;12385.3;Vendor_42;Portal
I01087;24611.1;Vendor_23;EDI
I01088;19056.1;Vendor_39;Portal
I01089;2157.69;Vendor_9;Email
I01090;2990.93;Vendor_40;Portal
I01091;20889.93;Vendor_40;EDI
I01092;8958.01;Vendor_43;Portal
I01093;9215.52;Vendor_24;Portal
I01094;22450.75;Vendor_17;EDI
I01095;14728.84;Vendor_27;Email
I01096;10408.51;Vendor_5;EDI
I01097;24099.91;Vendor_31;Email
I01098;3255.72;Vendor_19;EDI
I01099;14635.65;Vendor_48;Portal
I01100;435.6;Vendor_11;Email
I01101;24127.69;Vendor_33;Email
I01102;9021.71;Vendor_7;EDI
I01103;6893.73;Vendor_45;Email
I01104;16421.76;Vendor_21;Portal
I01105;2332.89;Vendor_33;EDI
I01106;23226.42;Vendor_29;Portal
I01107;4870.01;Vendor_9;Portal
I01108;17624.86;Vendor_39;Portal
I01109;4048.13;Vendor_18;EDI
I01110;4349.96;Vendor_15;Portal
I01111;18572.64;Vendor_31;Portal
I01112;19489.68;Vendor_31;EDI
I01113;1453.3;Vendor_19;Email
I01114;12166.63;Vendor_45;EDI
I01115;12792.7;Vendor_47;EDI
I01116;6309.13;Vendor_21;EDI
I01117;9425.17;Vendor_18;Email
I01118;13653.4;Vendor_38;Email
I01119;8499.65;Vendor_16;EDI
I01120;23603.14;Vendor_3;Portal
I01121;15496.03;Vendor_50;Portal
I01122;17073.9;Vendor_25;Email
I01123;13281.7;Vendor_6;EDI
I01124;17528.18;Vendor_35;Email
I01125;6144.15;Vendor_25;Email
I01126;4203.84;Vendor_50;EDI
I01127;13275.73;Vendor_43;Email
I01128;9450.84;Vendor_19;Portal
I01129;20997.61;Vendor_22;Email
I01130;16299.06;Vendor_22;EDI
I01131;9275.26;Vendor_17;Email
I01132;7331.82;Vendor_39;EDI
I01133;24053.69;Vendor_19;Email
I01134;14734.59;Vendor_18;Email
I01135;14209.41;Vendor_10;Email
I01136;6420.19;Vendor_4;EDI
I01137;1158.73;Vendor_27;EDI
I01138;15116.81;Vendor_42;Portal
I01139;11349.42;Vendor_10;Portal
I01140;18117.3;Vendor_16;EDI
I01141;18184.84;Vendor_23;EDI
I01142;10686.96;Vendor_28;Portal
I01143;2071.84;Vendor_23;Email
I01144;16054.22;Vendor_19;Email
I01145;1696.68;Vendor_48;Email
I01146;20037.54;Vendor_16;Email
I01147;24809.49;Vendor_41;Email
I01148;16761.73;Vendor_3;Email
I01149;17315.03;Vendor_11;EDI
I01150;15524.22;Vendor_21;EDI
I01151;19747.7;Vendor_43;Email
I01152;3077.52;Vendor_37;Email
I01153;7699.16;Vendor_7;Portal
I01154;8762.48;Vendor_17;Portal
I01155;2627.24;Vendor_33;EDI
I01156;13043.4;Vendor_47;EDI
I01157;24423.5;Vendor_1;EDI
I01158;62.27;Vendor_27;EDI
I01159;19871.2;Vendor_45;Portal
I01160;6647.59;Vendor_37;EDI
I01161;23332.32;Vendor_9;Portal
I01162;10582.07;Vendor_21;Email
I01163;8069.66;Vendor_46;Portal
I01164;17947.94;Vendor_31;Portal
I01165;7198.04;Vendor_37;Email
I01166;12134.93;Vendor_33;EDI
I01167;856.31;Vendor_24;Portal
I01168;16885.6;Vendor_11;Email
I01169;12417.82;Vendor_31;EDI
I01170;13968.67;Vendor_47;Email
I01171;23471.99;Vendor_25;Email
I01172;5398.65;Vendor_45;EDI
I01173;23655.1;Vendor_34;EDI
I01174;9180.07;Vendor_12;Email
I01175;6744.31;Vendor_29;EDI
I01176;12431.36;Vendor_15;Email
I01177;6857.96;Vendor_43;Email
I01178;2355.3;Vendor_17;EDI
I01179;18968.56;Vendor_20;EDI
I01180;3582.82;Vendor_2;Email
I01181;12443.32;Vendor_12;EDI
I01182;17057.06;Vendor_17;Portal
I01183;16893.78;Vendor_20;EDI
I01184;13297.49;Vendor_40;Portal
I01185;21788.46;Vendor_48;EDI
I01186;2948.97;Vendor_44;Portal
I01187;19909.48;Vendor_27;Portal
I01188;17241.86;Vendor_9;Email
I01189;1846.43;Vendor_12;Email
I01190;16149.48;Vendor_10;EDI
I01191;7890.26;Vendor_24;Portal
I01192;16439.29;Vendor_13;Email
I01193;15299.9;Vendor_42;EDI
I01194;12971.68;Vendor_13;Portal
I01195;7671.04;Vendor_31;Portal
I01196;7387.89;Vendor_28;Portal
I01197;8694.99;Vendor_11;Portal
I01198;8052.21;Vendor_11;Email
I01199;2287.19;Vendor_4;EDI
I01200;22117.17;Vendor_7;Portal
I01201;24169.04;Vendor_22;Email
I01202;15308.03;Vendor_9;Email
I01203;18295.06;Vendor_31;Email
I01204;23820.72;Vendor_28;EDI
I01205;13697.51;Vendor_32;Email
I01206;12930.45;Vendor_33;EDI
I01207;11557.93;Vendor_35;Portal
I01208;19018.46;Vendor_5;EDI
I01209;11201.72;Vendor_46;EDI
I01210;21917.02;Vendor_22;Email
I01211;5705.38;Vendor_18;Email
I01212;13925.33;Vendor_18;EDI
I01213;15287.26;Vendor_18;EDI
I01214;16228.84;Vendor_46;EDI
I01215;4183.26;Vendor_7;Portal
I01216;13905.59;Vendor_30;EDI
I01217;13165.94;Vendor_37;EDI
I01218;9321.5;Vendor_19;EDI
I01219;17016.99;Vendor_24;EDI
I01220;13773.32;Vendor_44;Email
I01221;20319.31;Vendor_37;Portal
I01222;13131.09;Vendor_49;Portal
I01223;17563.62;Vendor_15;Portal
I01224;19820.13;Vendor_26;Portal
I01225;13988.6;Vendor_38;EDI
I01226;20155.57;Vendor_9;Portal
I01227;12080.72;Vendor_12;EDI
I01228;24787.91;Vendor_10;EDI
I01229;11986.71;Vendor_19;Email
I01230;7410.27;Vendor_22;Email
I01231;11856.76;Vendor_18;EDI
I01232;3152.44;Vendor_45;Email
I01233;24905.15;Vendor_27;EDI
I01234;24287.97;Vendor_28;Email
I01235;12967.76;Vendor_11;EDI
I01236;16464.77;Vendor_6;EDI
I01237;8101.82;Vendor_48;Email
I01238;1292.94;Vendor_34;Email
I01239;12956.27;Vendor_5;Portal
I01240;8916.72;Vendor_45;Email
I01241;5193.83;Vendor_29;EDI
I01242;24579.33;Vendor_49;Email
I01243;22591.56;Vendor_45;EDI
I01244;13799.12;Vendor_23;Portal
I01245;8199.72;Vendor_15;Email
I01246;23471.01;Vendor_50;Email
I01247;6107.78;Vendor_4;Portal
I01248;2973.3;Vendor_15;Portal
I01249;3165.08;Vendor_5;Portal
I01250;11539.18;Vendor_32;Email
I01251;21911.3;Vendor_20;EDI
I01252;4413.33;Vendor_2;Email
I01253;20551.4;Vendor_35;Email
I01254;13355.33;Vendor_41;EDI
I01255;14370.66;Vendor_18;Portal
I01256;17719.84;Vendor_9;Portal
I01257;6161.66;Vendor_5;EDI
I01258;20234.74;Vendor_13;Email
I01259;3608.41;Vendor_43;Portal
I01260;17391.55;Vendor_1;Email
I01261;22997.47;Vendor_10;EDI
I01262;10752.48;Vendor_28;EDI
I01263;21952.59;Vendor_12;EDI
I01264;6643.78;Vendor_16;Portal
I01265;20030.17;Vendor_32;EDI
I01266;11133.05;Vendor_31;Email
I01267;15300.02;Vendor_4;Portal
I01268;8468.91;Vendor_16;Portal
I01269;4576.88;Vendor_7;Email
I01270;18399.92;Vendor_41;EDI
I01271;19204.58;Vendor_23;EDI
I01272;12302.71;Vendor_14;Portal
I01273;24315.94;Vendor_42;Email
I01274;2569.17;Vendor_8;Portal
I01275;17879.37;Vendor_34;Portal
I01276;21209.64;Vendor_29;EDI
I01277;20015.55;Vendor_47;Email
I01278;15089.62;Vendor_27;Portal
I01279;3700.92;Vendor_16;EDI
I01280;3380.61;Vendor_25;Portal
I01281;18165.45;Vendor_44;Email
I01282;5923.08;Vendor_16;Email
I01283;11932.86;Vendor_8;Email
I01284;2765.38;Vendor_2;Email
I01285;20731.17;Vendor_7;Portal
I01286;355.3;Vendor_3;Portal
I01287;12633.72;Vendor_27;Email
I01288;16971.68;Vendor_43;Email
I01289;18874.8;Vendor_25;EDI
I01290;5799.59;Vendor_21;Email
I01291;2297.59;Vendor_12;Portal
I01292;16099.16;Vendor_9;Email
I01293;22660.92;Vendor_28;EDI
I01294;9203.98;Vendor_47;Email
I01295;499.89;Vendor_11;Email
I01296;4844.17;Vendor_31;EDI
I01297;22533.95;Vendor_16;EDI
I01298;10503.42;Vendor_35;EDI
I01299;23332.43;Vendor_7;Portal
I01300;17051.0;Vendor_19;Email
I01301;1775.35;Vendor_45;Portal
I01302;20842.34;Vendor_35;Portal
I01303;13677.84;Vendor_34;EDI
I01304;2445.16;Vendor_3;EDI
I01305;11042.11;Vendor_38;EDI
I01306;4746.41;Vendor_44;Portal
I01307;18072.75;Vendor_7;Portal
I01308;4423.07;Vendor_12;Email
I01309;24522.84;Vendor_40;Email
I01310;6196.77;Vendor_29;Email
I01311;16091.1;Vendor_16;EDI
I01312;9167.8;Vendor_30;EDI
I01313;51.73;Vendor_47;Email
I01314;16445.65;Vendor_31;EDI
I01315;14473.95;Vendor_43;Email
I01316;3356.14;Vendor_42;EDI
I01317;8816.83;Vendor_46;EDI
I01318;3661.5;Vendor_31;Portal
I01319;10797.04;Vendor_31;Portal
I01320;8600.46;Vendor_13;Portal
I01321;14168.93;Vendor_34;Email
I01322;2739.86;Vendor_36;EDI
I01323;6036.4;Vendor_20;Portal
I01324;18855.38;Vendor_15;Portal
I01325;22379.24;Vendor_38;EDI
I01326;5698.26;Vendor_19;Portal
I01327;7040.96;Vendor_29;EDI
I01328;18529.72;Vendor_45;Portal
I01329;9540.71;Vendor_20;Portal
I01330;209.79;Vendor_21;Email
I01331;23287.39;Vendor_11;EDI
I01332;14724.6;Vendor_12;Email
I01333;1794.49;Vendor_17;EDI
I01334;8575.06;Vendor_9;Portal
I01335;19429.16;Vendor_22;Email
I01336;577.17;Vendor_27;Portal
I01337;7938.6;Vendor_39;Email
I01338;7505.6;Vendor_22;EDI
I01339;15839.69;Vendor_47;Portal
I01340;7767.13;Vendor_13;Email
I01341;4049.03;Vendor_32;Email
I01342;14169.42;Vendor_45;Portal
I01343;18896.48;Vendor_34;Portal
I01344;9904.94;Vendor_49;EDI
I01345;768.72;Vendor_1;EDI
I01346;18870.2;Vendor_38;Portal
I01347;8592.9;Vendor_17;EDI
I01348;18855.79;Vendor_38;Portal
I01349;8542.95;Vendor_33;Portal
I01350;11128.29;Vendor_47;EDI
I01351;18047.25;Vendor_46;Portal
I01352;10207.95;Vendor_26;Portal
I01353;21329.48;Vendor_13;EDI
I01354;6893.37;Vendor_9;Portal
I01355;8671.66;Vendor_41;EDI
I01356;4649.32;Vendor_13;EDI
I01357;4750.81;Vendor_32;EDI
I01358;9407.1;Vendor_19;EDI
I01359;19501.29;Vendor_1;Portal
I01360;15608.86;Vendor_31;Portal
I01361;4750.73;Vendor_38;EDI
I01362;7056.92;Vendor_46;Portal
I01363;20085.46;Vendor_49;EDI
I01364;23151.43;Vendor_43;Email
I01365;16652.2;Vendor_47;Portal
I01366;11094.39;Vendor_39;Email
I01367;13323.88;Vendor_45;EDI
I01368;24692.49;Vendor_39;Portal
I01369;15978.57;Vendor_11;Email
I01370;5262.47;Vendor_43;EDI
I01371;10637.17;Vendor_7;EDI
I01372;463.9;Vendor_27;Email
I01373;21878.42;Vendor_26;EDI
I01374;8405.38;Vendor_19;Email
I01375;8958.59;Vendor_46;Portal
I01376;15609.8;Vendor_28;Email
I01377;9247.81;Vendor_37;Portal
I01378;1645.52;Vendor_12;EDI
I01379;6643.59;Vendor_42;Portal
I01380;24509.94;Vendor_18;Portal
I01381;18909.27;Vendor_19;Portal
I01382;586.34;Vendor_35;Email
I01383;6740.24;Vendor_35;Portal
I01384;3132.02;Vendor_21;Email
I01385;732.26;Vendor_27;EDI
I01386;5606.14;Vendor_13;Email
I01387;20402.36;Vendor_41;EDI
I01388;4430.72;Vendor_47;Portal
I01389;19634.66;Vendor_20;EDI
I01390;21611.46;Vendor_29;Email
I01391;20729.04;Vendor_30;Portal
I01392;18177.84;Vendor_9;EDI
I01393;12811.9;Vendor_42;Email
I01394;18146.36;Vendor_17;Portal
I01395;20509.22;Vendor_11;Portal
I01396;6652.04;Vendor_28;Email
I01397;12590.82;Vendor_3;EDI
I01398;18331.11;Vendor_25;Portal
I01399;7945.75;Vendor_41;Email
I01400;8223.59;Vendor_34;Portal
I01401;3948.77;Vendor_20;EDI
I01402;14336.67;Vendor_16;Portal
I01403;12442.87;Vendor_50;EDI
I01404;14313.22;Vendor_5;Portal
I01405;10350.95;Vendor_45;Email
I01406;6006.23;Vendor_40;Portal
I01407;1500.32;Vendor_18;EDI
I01408;24407.17;Vendor_24;EDI
I01409;19369.46;Vendor_42;Portal
I01410;18919.49;Vendor_14;Portal
I01411;17165.46;Vendor_50;Email
I01412;18106.25;Vendor_5;EDI
I01413;6548.68;Vendor_9;Email
I01414;7807.73;Vendor_14;EDI
I01415;4263.01;Vendor_20;Email
I01416;11823.52;Vendor_22;EDI
I01417;15998.89;Vendor_23;Email
I01418;16695.34;Vendor_43;Email
I01419;24563.48;Vendor_20;Email
I01420;17024.02;Vendor_18;EDI
I01421;21300.84;Vendor_12;Email
I01422;21716.22;Vendor_11;Portal
I01423;3280.16;Vendor_33;Email
I01424;21804.06;Vendor_16;Email
I01425;18627.94;Vendor_16;Email
I01426;20184.92;Vendor_33;EDI
I01427;17974.01;Vendor_33;EDI
I01428;16114.73;Vendor_7;EDI
I01429;16394.49;Vendor_23;EDI
I01430;18170.3;Vendor_49;Email
I01431;5100.95;Vendor_35;Email
I01432;4975.27;Vendor_45;EDI
I01433;10446.07;Vendor_19;EDI
I01434;14845.88;Vendor_4;EDI
I01435;20090.13;Vendor_3;EDI
I01436;14064.68;Vendor_28;EDI
I01437;13119.59;Vendor_36;EDI
I01438;3779.15;Vendor_1;Portal
I01439;9973.87;Vendor_36;Portal
I01440;6024.54;Vendor_17;Email
I01441;16477.65;Vendor_14;Portal
I01442;10356.37;Vendor_21;EDI
I01443;15695.31;Vendor_33;Portal
I01444;19912.33;Vendor_40;Portal
I01445;14431.13;Vendor_29;Portal
I01446;24398.1;Vendor_42;Email
I01447;12799.42;Vendor_33;Portal
I01448;5770.76;Vendor_10;Email
I01449;17227.61;Vendor_3;Email
I01450;12952.6;Vendor_4;Email
I01451;5536.69;Vendor_47;Portal
I01452;24742.57;Vendor_9;EDI
I01453;12411.91;Vendor_33;EDI
I01454;4809.16;Vendor_43;Portal
I01455;9418.69;Vendor_24;Email
I01456;14107.15;Vendor_27;Portal
I01457;19810.07;Vendor_37;Email
I01458;17962.11;Vendor_1;Email
I01459;9870.3;Vendor_1;Email
I01460;22455.03;Vendor_50;Email
I01461;19840.45;Vendor_7;Portal
I01462;22213.89;Vendor_25;Portal
I01463;1206.08;Vendor_19;Email
I01464;4563.31;Vendor_1;Portal
I01465;21232.68;Vendor_7;Email
I01466;16719.02;Vendor_43;Email
I01467;15706.15;Vendor_32;Portal
I01468;18697.57;Vendor_26;Email
I01469;11638.45;Vendor_14;Email
I01470;13788.84;Vendor_12;Portal
I01471;21328.83;Vendor_44;EDI
I01472;20098.28;Vendor_43;Portal
I01473;24067.87;Vendor_30;EDI
I01474;7161.49;Vendor_44;EDI
I01475;2560.31;Vendor_25;EDI
I01476;16623.56;Vendor_7;EDI
I01477;21232.76;Vendor_15;Email
I01478;22263.42;Vendor_41;EDI
I01479;15177.44;Vendor_25;Portal
I01480;21430.03;Vendor_3;Email
I01481;1462.99;Vendor_45;EDI
I01482;15120.5;Vendor_15;EDI
I01483;14691.92;Vendor_18;EDI
I01484;11175.85;Vendor_28;Email
I01485;10976.26;Vendor_32;Portal
I01486;17131.1;Vendor_6;Portal
I01487;16573.77;Vendor_19;Portal
I01488;5137.32;Vendor_31;Email
I01489;11719.34;Vendor_34;Portal
I01490;1517.79;Vendor_2;Email
I01491;20776.32;Vendor_48;EDI
I01492;17343.6;Vendor_16;Portal
I01493;18281.22;Vendor_17;Portal
I01494;2668.74;Vendor_22;EDI
I01495;23378.84;Vendor_33;Email
I01496;11025.23;Vendor_35;Portal
I01497;1549.83;Vendor_32;Email
I01498;12917.06;Vendor_26;EDI
I01499;8768.94;Vendor_34;Email
I01500;2672.59;Vendor_19;Email